{
  "UserAgent": "MobileHub/1.0",
  "Version": "1.0",
  "CredentialsProvider": {
    "CognitoIdentity": {
      "Default": {
        "PoolId": "eu-west-2:a9b1ba1b-181d-4ff7-8194-94661e1e84c0",
        "Region": "eu-west-2"
      }
    }
  },
  "IdentityManager": {
    "Default": {}
  },
  "CognitoUserPool": {
    "Default": {
      "PoolId": "eu-west-2_NOPvPnHBb",
      "AppClientId": "hgfu4tqv2mq021fkhao3671g7",
      "AppClientSecret": "fs0c41tf8u9c1h0524kolum7nrghe64s1acmckao4s0e3ocuga2",
      "Region": "eu-west-2"
    }
  },
  "DynamoDBObjectMapper": {
    "Default": {
      "Region": "eu-west-2"
    }
  },
  "PinpointAnalytics": {
    "Default": {
      "AppId": "6b49757a7fee46c8b9a4ff173421de75",
      "Region": "us-east-1"
    }
  },
  "PinpointTargeting": {
    "Default": {
      "Region": "us-east-1"
    }
  }
}